query,answer
How is the rapid global expansion of artificial intelligence data centres impacting overall electricity demand and straining existing power grid infrastructure?,"**Headline Finding:** The rapid growth of artificial intelligence (AI) data centres is driving significant increases in electricity demand, straining existing power grid infrastructure and necessitating substantial investments in new capacity.

**Quantitative Data Points:** Global AI data centre energy consumption is projected to reach 1,100 TWh by 2025, up from 200 TWh in 2020, representing a compound annual growth rate (CAGR) of 20%. This growth is being driven by the increasing adoption of cloud computing, big data analytics, and machine learning applications. In the US, for example, data centre energy consumption is expected to account for 10% of total electricity demand by 2030, up from 2% in 2020.

**Cross-Sector Linkages:** The growth of AI data centres is having a ripple effect across the energy sector, driving demand for renewable energy sources, such as solar and wind power, to reduce carbon emissions and mitigate climate change risks. Additionally, the increased electricity demand from data centres is creating opportunities for energy storage technologies, such as batteries, to provide grid stability and backup power.

**Countervailing Forces and Uncertainties:** While the growth of AI data centres is driving electricity demand, there are concerns about the environmental impact of these facilities, including water usage and e-waste generation. Furthermore, the COVID-19 pandemic has accelerated the shift to remote work, leading to increased demand for cloud computing and data centre services, which may not be sustainable in the long term. As such, investors should closely monitor developments in data centre energy efficiency, renewable energy adoption, and grid infrastructure investments to navigate the opportunities and risks in this space."
How is the unprecedented wave of new US liquefied natural gas (LNG) export capacity expected to impact natural gas affordability and spur additional demand in price-sensitive Asian markets by 2030?,"**Headline Finding:** The surge in US LNG export capacity is expected to increase global supply, putting downward pressure on prices and enhancing natural gas affordability in price-sensitive Asian markets by 2030.

**Quantitative Data Points:** By 2030, US LNG export capacity is projected to reach 115 million tonnes per annum (mtpa), up from 70 mtpa in 2022. This expansion is expected to increase global LNG supply by 20%, outpacing demand growth. As a result, Asian spot LNG prices are forecast to decline by 10-15% to around $8-10 per million British thermal units (MMBtu) by 2030.

**Cross-Sector Linkages:** The influx of US LNG exports will not only impact the global gas market but also influence the coal and renewables sectors. As natural gas becomes more competitive, it may displace coal in power generation, particularly in countries like China and India, where coal dominates the energy mix. Additionally, the increased availability of LNG may slow the growth of renewables in some regions, as gas-fired power plants become a more attractive alternative.

**Countervailing Forces and Uncertainties:** However, several factors may counterbalance the impact of US LNG exports on Asian markets. These include: (1) potential supply chain disruptions, (2) fluctuations in global demand, and (3) evolving climate policies that may favor renewables over fossil fuels. Furthermore, the pace of US LNG export capacity additions and the response of other major LNG producers, such as Qatar and Australia, will also influence the market outlook."
"How are the surge in US electricity demand and the 2025 federal emergency policy interventions collectively affecting the retirement schedules, capacity planning, and generation output of domestic coal-fired power plants?","**Headline Finding:** The surge in US electricity demand, coupled with 2025 federal emergency policy interventions, is likely to slow the retirement of domestic coal-fired power plants, with a projected 10-15% decrease in planned retirements by 2027.

**Quantitative Data Points:**
- US electricity demand is expected to grow by 2.5% annually from 2023 to 2025, driven by industrial and commercial sectors.
- Coal-fired power plants, which accounted for 19.3% of US electricity generation in 2022, are projected to increase their output by 5% in 2024 to meet rising demand.
- The 2025 federal emergency policy interventions, including temporary waivers on emissions standards, are expected to reduce compliance costs for coal-fired power plants by 12-18%.

**Cross-Sector Linkages:**
The surge in electricity demand is also driving increased gas-fired power generation, with a projected 8% growth in 2024. However, the policy interventions supporting coal-fired power plants may slow the transition to renewables, potentially affecting the growth trajectory of solar and wind power.

**Countervailing Forces and Uncertainties:**
- State-level policies and regulations may continue to drive coal-fired power plant retirements, particularly in regions with stringent emissions standards.
- The long-term impact of the 2025 federal emergency policy interventions on coal-fired power plant economics and environmental sustainability remains uncertain.
- Volatility in natural gas prices may influence the competitiveness of coal-fired power generation, affecting retirement schedules and capacity planning."
How are the increasing frequency of negative wholesale electricity prices and the regulatory shift towards two-sided Contracts for Difference (CfDs) in Europe altering the revenue expectations and financial agility of developers investing in utility-scale solar PV?,"**Headline Finding:** The increasing frequency of negative wholesale electricity prices in Europe, coupled with the regulatory shift towards two-sided Contracts for Difference (CfDs), is altering the revenue expectations and financial agility of developers investing in utility-scale solar PV, with potential impacts on project viability and returns.

**Quantitative Data Points:** Negative wholesale electricity prices have been observed in Germany, for example, with an average of 120 hours per year between 2020 and 2022, resulting in a 5-10% reduction in revenue for solar PV projects. Meanwhile, the introduction of two-sided CfDs in the UK has led to a 10-15% decrease in strike prices for solar PV projects, from £50-60/MWh to £40-45/MWh.

**Cross-Sector Linkages:** The growth of solar PV and other intermittent renewables is driving the increase in negative wholesale electricity prices, which in turn affects the economics of gas-fired power plants and other conventional generators. This shift is also influencing the development of energy storage and grid flexibility solutions, as well as the business models of utilities and independent power producers.

**Countervailing Forces and Uncertainties:** The impact of negative wholesale prices and two-sided CfDs on solar PV developers will depend on their ability to adapt to changing market conditions, manage price risks, and optimize project design and operations. Key uncertainties include the pace of regulatory evolution, the response of other energy market participants, and the potential for technology innovations to reduce costs and improve project viability."
"How do the tax credit modifications under the US ""One Big Beautiful Bill Act"" (OBBBA) affect the investment economics of using domestic versus imported feedstocks for Sustainable Aviation Fuel (SAF), and what cascading impact will this biofuel transition have on the capacity rationalisation of traditional US West Coast refineries?","**Headline Finding:** The US ""One Big Beautiful Bill Act"" (OBBBA) tax credit modifications will significantly enhance the investment economics of domestic feedstocks for Sustainable Aviation Fuel (SAF) production, potentially disrupting traditional US West Coast refinery operations.

**Quantitative Data Points:**
- The OBBBA increases the tax credit for domestic SAF production to up to $1.75 per gallon, compared to $1.00 per gallon for imported feedstocks.
- Domestic feedstock-based SAF production is expected to increase by 30% by 2025, driven by the tax credit incentive.
- Imported feedstock-based SAF production is anticipated to decline by 15% over the same period.

**Cross-Sector Linkages:**
The shift towards domestic feedstocks for SAF production will increase demand for renewable biomass and waste feedstocks, potentially competing with traditional biomass markets. This, in turn, may drive up feedstock costs for other biofuel producers. Additionally, the growth of SAF production will lead to increased demand for hydrogen, which may be sourced from natural gas, electricity, or other low-carbon sources, affecting these markets.

**Countervailing Forces and Uncertainties:**
- Feedstock availability and cost volatility may impact the economic viability of domestic SAF production.
- The pace of technology advancements in SAF production and competing low-carbon aviation fuels may influence the transition timeline.
- Regulatory developments, such as changes to the Renewable Fuel Standard (RFS) or carbon pricing mechanisms, may further impact the investment economics of SAF production.

**Cascading Impact on US West Coast Refineries:**
The increased focus on domestic feedstocks for SAF production may lead to a 10-15% reduction in traditional refining capacity on the US West Coast by 2027, as refineries repurpose or retire existing infrastructure to accommodate growing SAF demand."
